BBL.ID,Date,Year,Proj,Location,Species,Age,Mass,WC ,EC,Tarsus,Culmen,Fat,Nanotag,Julian
1311-53431,08/14/2013,2013,Holbt,MILL RIVER,SESA,HY,28,97,23.9,24.3,NA,NA,62,226
1311-53432,08/14/2013,2013,Holbt,MILL RIVER,SESA,AHY,28.4,98,19.2,21.35,NA,NA,60,226
1311-53433,08/14/2013,2013,Holbt,MILL RIVER,SESA,AHY,32.2,97,17.4,21.58,NA,NA,NA,226
1311-53434,08/15/2013,2013,Holbt,DRY LEDGE,SESA,AHY,20,93,17.6,26.7,NA,NA,67,227
1311-53435,08/15/2013,2013,Holbt,DRY LEDGE,SESA,AHY,24,101,19.9,21.6,NA,NA,64,227
1311-53436,08/15/2013,2013,Holbt,DRY LEDGE,SESA,HY,22,99,17.7,22.5,NA,NA,65,227
1311-53437,08/15/2013,2013,Holbt,DRY LEDGE,SESA,HY,20,95.5,18.6,20.7,NA,NA,66,227
1311-53438,08/15/2013,2013,Holbt,DRY LEDGE,SESA,AHY,29,100.5,19.5,21.42,NA,NA,69,227
1311-53439,08/15/2013,2013,Holbt,DRY LEDGE,SESA,HY,24,96,17.83,21.09,NA,NA,72,227
1311-53440,08/15/2013,2013,Holbt,DRY LEDGE,SESA,NA,22,94.5,16.03,21.17,NA,NA,NA,227
1311-53441,08/15/2013,2013,Holbt,DRY LEDGE,SESA,HY,25,96,19.1,22.09,NA,NA,NA,227
1311-53442,08/15/2013,2013,Holbt,DRY LEDGE,SESA,AHY,29,95.5,16.96,21.74,NA,NA,NA,227
1311-53443,08/15/2013,2013,Holbt,DRY LEDGE,SESA,HY,25,93,19.71,21.98,NA,NA,NA,227
1311-53444,08/15/2013,2013,Holbt,DRY LEDGE,SESA,AHY,22,93,18.01,21.43,NA,NA,NA,227
1311-53445,08/15/2013,2013,Holbt,DRY LEDGE,SESA,HY,29,96.5,17.6,20.67,NA,NA,NA,227
1311-53446,08/15/2013,2013,Holbt,DRY LEDGE,SESA,AHY,30,96,18.59,22.13,NA,NA,NA,227
1311-53450,08/16/2013,2013,Holbt,MILL RIVER,SESA,HY,23.2,98,17.7,22.4,14.3,0,70,228
1311-53452,08/16/2013,2013,Holbt,MILL RIVER,SESA,HY,26.6,95,17.9,21.4,14.5,1,75,228
1311-53453,08/16/2013,2013,Holbt,MILL RIVER,SESA,HY,22,97,20.5,23.7,17.2,0,73,228
1311-53454,08/20/2013,2013,Holbt,RASPBERRY LEDGE,SESA,HY,28,90.5,19.25,24.15,NA,NA,79,232
1311-53455,08/20/2013,2013,Holbt,RASPBERRY LEDGE,SESA,AHY,30,95.5,17.29,22.38,NA,2,74,232
1311-53456,08/20/2013,2013,Holbt,RASPBERRY LEDGE,SESA,AHY,34,93.5,18.31,20.62,NA,3,80,232
1311-53457,08/20/2013,2013,Holbt,RASPBERRY LEDGE,SESA,HY,24,93.5,18.01,22,NA,1,81,232
1311-53458,08/20/2013,2013,Holbt,RASPBERRY LEDGE,SESA,AHY,34,96.5,16.38,22.11,NA,2,82,232
1311-53459,08/20/2013,2013,Holbt,RASPBERRY LEDGE,SESA,HY,26,99.5,19.89,23.05,NA,1,78,232
1311-53460,08/20/2013,2013,Holbt,RASPBERRY LEDGE,SESA,AHY,27,96,18.02,21.61,NA,1,7,232
1311-53461,08/20/2013,2013,Holbt,RASPBERRY LEDGE,SESA,HY,24,94.5,19.87,21.25,NA,1,8,232
1311-53462,08/20/2013,2013,Holbt,NARROWS LEDGE,SESA,AHY,38,102,20.4,22.1,NA,2,NA,232
1311-53463,08/20/2013,2013,Holbt,NARROWS LEDGE,SESA,AHY,29,96.5,17.62,21.64,NA,NA,5,232
1311-53464,08/20/2013,2013,Holbt,NARROWS LEDGE,SESA,AHY,30,96.5,17.49,21.28,NA,2,6,232
1311-53465,08/20/2013,2013,Holbt,NARROWS LEDGE,SESA,AHY,23,93.5,17.96,21.4,NA,1,9,232
1311-53466,08/20/2013,2013,Holbt,NARROWS LEDGE,SESA,AHY,28,95.5,19.37,21.85,NA,2,13,232
1311-53467,08/20/2013,2013,Holbt,NARROWS LEDGE,SESA,AHY,30,95,19.14,21.11,NA,2,12,232
1311-53468,08/20/2013,2013,Holbt,NARROWS LEDGE,SESA,HY,27,97.5,20.22,21.66,NA,2,11,232
1311-53469,08/20/2013,2013,Holbt,NARROWS LEDGE,SESA,HY,26,96.5,17.03,21.1,NA,1,77,232
1311-53470,08/20/2013,2013,Holbt,NARROWS LEDGE,SESA,AHY,34,98.5,18.8,22.77,NA,3,NA,232
1311-53471,08/20/2013,2013,Holbt,NARROWS LEDGE,SESA,HY,26,96.5,18.68,22.25,NA,1,63,232
1311-53472,08/20/2013,2013,Holbt,NARROWS LEDGE,SESA,HY,24,99,18.75,21.91,NA,0.5,14,232
1311-53473,08/20/2013,2013,Holbt,NARROWS LEDGE,SESA,HY,27,100.5,20.38,22.65,NA,1,76,232
1311-53474,08/20/2013,2013,Holbt,NARROWS LEDGE,SESA,AHY,33,97.5,20.14,21.82,NA,2,NA,232
1311-53475,08/20/2013,2013,Holbt,NARROWS LEDGE,SESA,AHY,40,100.5,22.21,22.22,NA,3,NA,232
1311-53476,08/20/2013,2013,Holbt,NARROWS LEDGE,SESA,HY,30,98,16.89,20.9,NA,2,NA,232
1311-53477,08/20/2013,2013,Holbt,NARROWS LEDGE,SESA,HY,27,102.5,20.38,21.68,NA,0.5,10,232
1311-53478,08/20/2013,2013,Holbt,NARROWS LEDGE,SESA,HY,24,93,19.85,21.03,NA,1,NA,232
1311-53479,08/20/2013,2013,Holbt,NARROWS LEDGE,SESA,HY,24,93.5,17.11,21.85,NA,1,NA,232
1311-53480,08/20/2013,2013,Holbt,NARROWS LEDGE,SESA,HY,29,98,19.21,21.45,NA,1,NA,232
1311-53481,08/20/2013,2013,Holbt,NARROWS LEDGE,SESA,AHY,35,94.5,17.8,21.47,NA,1,NA,232
1311-53482,08/20/2013,2013,Holbt,NARROWS LEDGE,SESA,AHY,30,91.5,19,22.82,NA,2,NA,232
1311-53483,08/20/2013,2013,Holbt,NARROWS LEDGE,SESA,HY,27,96.5,19.65,22.55,NA,1,NA,232
1311-53484,08/20/2013,2013,Holbt,NARROWS LEDGE,SESA,HY,20,96,17.19,22.82,NA,0.5,NA,232
1311-53485,08/20/2013,2013,Holbt,NARROWS LEDGE,SESA,AHY,34,95,17.85,21.94,NA,1,NA,232
1311-53486,08/20/2013,2013,Holbt,NARROWS LEDGE,SESA,AHY,37,93.5,17.85,22.69,NA,2,NA,232
1311-53487,08/20/2013,2013,Holbt,NARROWS LEDGE,SESA,HY,24,93,17.56,22.45,NA,1,NA,232
1311-53488,08/27/2013,2013,Holbt,RASPBERRY LEDGE,SESA,NA,27,96,21.31,20.8,18.06,1,NA,239
1311-53489,08/27/2013,2013,Holbt,RASPBERRY LEDGE,SESA,HY,28,94,16.2,21.21,13.12,2,NA,239
1311-53490,08/27/2013,2013,Holbt,UPPER BIRCH,SESA,HY,30,97,19.54,22.58,16.21,3,NA,239
1311-53491,08/27/2013,2013,Holbt,UPPER BIRCH,SESA,AHY,35,98,20.21,22.3,16.77,3,NA,239
1311-53492,08/27/2013,2013,Holbt,UPPER BIRCH,SESA,HY,37,102.5,20.4,22.17,17.62,3,NA,239
1311-53493,08/27/2013,2013,Holbt,UPPER BIRCH,SESA,AHY,35,99,18.71,21.02,16.1,2,NA,239
1311-53495,08/27/2013,2013,Holbt,DRY LEDGE,SESA,AHY,27,97,18.83,20.98,16.21,3,NA,239
1311-53496,08/27/2013,2013,Holbt,DRY LEDGE,SESA,AHY,34,96,17.8,21.06,14.53,3,NA,239
1311-53497,08/27/2013,2013,Holbt,DRY LEDGE,SESA,HY,31,98,18.14,23.11,15.65,2,NA,239
1311-53498,08/27/2013,2013,Holbt,DRY LEDGE,SESA,AHY,34,95,18.8,20.79,15.83,3,NA,239
1311-53499,08/27/2013,2013,Holbt,DRY LEDGE,SESA,HY,32,95.5,18.23,21,15.9,2,NA,239
1311-53500,08/27/2013,2013,Holbt,DRY LEDGE,SESA,AHY,35,96,16.57,21.11,14.57,4,NA,239
1711-82501,08/27/2013,2013,Holbt,DRY LEDGE,SESA,HY,27,97,18.88,20.93,16.18,2,NA,239
1711-82502,08/27/2013,2013,Holbt,DRY LEDGE,SESA,HY,24,97,19.02,21.17,16.5,1,NA,239
1711-82503,08/27/2013,2013,Holbt,DRY LEDGE,SESA,HY,25,94,18.15,20.8,15.31,3,NA,239
1711-82504,08/27/2013,2013,Holbt,DRY LEDGE,SESA,HY,23,97,17.84,20.53,15.66,1,NA,239
1711-82505,08/27/2013,2013,Holbt,DRY LEDGE,SESA,AHY,37,97,19.3,21.11,16.34,4,NA,239
1711-82506,08/27/2013,2013,Holbt,DRY LEDGE,SESA,AHY,39,100.5,21.33,22.47,18.87,4,NA,239
1711-82507,08/27/2013,2013,Holbt,DRY LEDGE,SESA,AHY,30,99,21.65,22.39,18.25,2,NA,239
1711-82508,08/27/2013,2013,Holbt,DRY LEDGE,SESA,HY,36,100,20.16,22.74,16.88,1,NA,239
1711-82509,08/27/2013,2013,Holbt,DRY LEDGE,SESA,AHY,41,99,19.18,22.57,15.77,6,NA,239
1711-82521,08/29/2013,2013,Holbt,MILL RIVER,SESA,HY,26,95,17.37,21.08,NA,1,NA,241
1711-82525,09/15/2013,2013,Holbt,NARROWS LEDGE,SESA,AHY,31,97,19.39,23.14,16.98,1,NA,258
1711-82528,09/15/2013,2013,Holbt,NARROWS LEDGE,SESA,HY,30,95.5,20.8,23.08,17.77,1,NA,258
1711-82529,09/15/2013,2013,Holbt,NARROWS LEDGE,SESA,AHY,22,92.5,19.15,22.04,17.11,1,NA,258
1711-82531,08/29/2013,2013,Holbt,MILL RIVER,SESA,NA,30,98,22.02,21.11,NA,0.5,NA,241
1711-82532,08/29/2013,2013,Holbt,MILL RIVER,SESA,NA,27,90,17.26,19.3,NA,1,NA,241
1711-82533,08/29/2013,2013,Holbt,MILL RIVER,SESA,HY,29,95,18.64,18.22,NA,3,NA,241
1711-82534,08/29/2013,2013,Holbt,MILL RIVER,SESA,HY,28,98,18.75,17.26,NA,1,NA,241
1711-82535,08/29/2013,2013,Holbt,MILL RIVER,SESA,HY,25,95,18.66,17.92,NA,2,NA,241
1711-82537,08/29/2013,2013,Holbt,MILL RIVER,SESA,HY,26,92,17.83,18.77,NA,2,NA,241
1711-82538,08/29/2013,2013,Holbt,MILL RIVER,SESA,HY,25,94,19,17.83,NA,2,NA,241
1711-82539,08/29/2013,2013,Holbt,MILL RIVER,SESA,HY,41,90.2,17.68,22.22,NA,4,NA,241
1711-82540,08/29/2013,2013,Holbt,MILL RIVER,SESA,HY,30,96,16.9,20.7,NA,2,NA,241
1711-82541,08/29/2013,2013,Holbt,MILL RIVER,SESA,HY,26,99,19.48,18.28,NA,NA,NA,241
1711-82542,08/29/2013,2013,Holbt,MILL RIVER,SESA,HY,27,95,17.95,17.46,NA,NA,NA,241
1711-82543,08/29/2013,2013,Holbt,MILL RIVER,SESA,HY,26,95,17.01,19.44,NA,NA,NA,241
1711-82544,09/15/2013,2013,Holbt,NARROWS LEDGE,SESA,AHY,26,98,20.36,21.66,17.32,1,NA,258
1711-82545,09/15/2013,2013,Holbt,NARROWS LEDGE,SESA,AHY,29,96,18.68,20.55,16.77,2,NA,258
1711-82546,09/15/2013,2013,Holbt,DRY LEDGE,SESA,AHY,27,92.5,16.61,21.4,14.28,1,NA,258
2571-56201,08/05/2014,2014,Holbt,LEDGE,SESA,AHY,24,97,20.5,20.8,17.14,1,10,217
2571-56202,08/05/2014,2014,Holbt,LEDGE,SESA,AHY,23,98.5,19.22,21.53,16.75,0,7,217
2571-56203,08/05/2014,2014,Holbt,LEDGE,SESA,AHY,27,98,19.81,21.54,16.75,1,8,217
2571-56204,08/05/2014,2014,Holbt,LEDGE,SESA,AHY,26,94.5,18.82,21.67,16.63,1,11,217
2571-56205,08/05/2014,2014,Holbt,LEDGE,SESA,AHY,26,97.5,18.02,21.51,15.47,1,31,217
2571-56206,08/05/2014,2014,Holbt,LEDGE,SESA,AHY,28,100,19.12,24.04,16.55,1,9,217
2571-56207,08/05/2014,2014,Holbt,LEDGE,SESA,AHY,21,94,17.67,20.9,15.05,1,30,217
2571-56208,08/08/2014,2014,Holbt,DRY LEDGE,SESA,AHY,25,96,18.86,29.97,15.89,1,NA,220
2571-56209,08/08/2014,2014,Holbt,DRY LEDGE,SESA,AHY,34,100.5,19.17,21.16,16.17,3,NA,220
2571-56210,08/08/2014,2014,Holbt,DRY LEDGE,SESA,AHY,39,103,21.36,21.43,17.89,3,NA,220
2571-56211,08/08/2014,2014,Holbt,DRY LEDGE,SESA,AHY,30,95.5,18.53,21.16,15.83,1,175,220
2571-56212,08/08/2014,2014,Holbt,DRY LEDGE,SESA,AHY,26,98,18.51,21.31,15.28,1,176,220
2571-56213,08/08/2014,2014,Holbt,DRY LEDGE,SESA,AHY,33,102,19.49,22.61,16.4,2,NA,220
2571-56214,08/08/2014,2014,Holbt,DRY LEDGE,SESA,AHY,27,97,19.3,21.87,16.86,3,409,220
2571-56215,08/08/2014,2014,Holbt,RASPBERRY LEDGE,SESA,AHY,29,99.5,20.22,22.66,16.67,1,179,220
2571-56216,08/08/2014,2014,Holbt,RASPBERRY LEDGE,SESA,AHY,37,104,21.89,23.62,18.08,2,NA,220
2571-56217,08/08/2014,2014,Holbt,RASPBERRY LEDGE,SESA,AHY,30,101,20.44,22.27,17.52,1,177,220
2571-56218,08/08/2014,2014,Holbt,RASPBERRY LEDGE,SESA,AHY,31,97,18.7,21.35,15.52,3,NA,220
2571-56219,08/08/2014,2014,Holbt,RASPBERRY LEDGE,SESA,AHY,29,101,19.2,21.07,16.09,2,178,220
2571-56220,08/08/2014,2014,Holbt,RASPBERRY LEDGE,SESA,AHY,24,96.5,16.54,22.07,14.36,1,180,220
2571-56221,08/08/2014,2014,Holbt,RASPBERRY LEDGE,SESA,AHY,25,97.5,20.34,23.64,17.21,1,412,220
2571-56224,08/18/2014,2014,Holbt,LOWER WASS COVE,SESA,HY,25,94,19.54,20.97,15.81,2,414,230
2571-56225,08/18/2014,2014,Holbt,LOWER WASS COVE,SESA,HY,23,96.5,19.59,20.64,15.7,1,189,230
2571-56226,08/18/2014,2014,Holbt,LOWER WASS COVE,SESA,HY,27,94,19.65,20.98,16.43,1,411,230
2571-56227,08/19/2014,2014,Holbt,LOWER WASS COVE,SESA,HY,29,99.5,20.16,21.57,16.99,1,188,231
2571-56228,08/19/2014,2014,Holbt,LOWER WASS COVE,SESA,HY,33,96,20.7,21.4,16.91,2,190,231
2571-56229,08/19/2014,2014,Holbt,LOWER WASS COVE,SESA,HY,31,97,19.52,22.71,15.57,2,186,231
2571-56230,08/19/2014,2014,Holbt,LOWER WASS COVE,SESA,AHY,27.8,101,20.84,21.45,17.17,1,416,231
2571-56231,08/19/2014,2014,Holbt,LOWER WASS COVE,SESA,AHY,30,99.5,17.11,22,14.69,1,407,231
2571-56232,08/19/2014,2014,Holbt,LOWER WASS COVE,SESA,HY,27,100.5,22.27,22.27,19.6,1,182,231
2571-56233,08/19/2014,2014,Holbt,LOWER WASS COVE,SESA,AHY,37,99,19.54,22.33,16.47,3,NA,231
2571-56234,08/19/2014,2014,Holbt,LOWER WASS COVE,SESA,HY,24,96.5,18.26,23.36,14.92,0.5,181,231
2571-56235,08/19/2014,2014,Holbt,LOWER WASS COVE,SESA,HY,25,102.5,20.88,22.65,17.56,0.5,187,231
2571-56236,08/19/2014,2014,Holbt,LOWER WASS COVE,SESA,HY,31,98,19.49,22.29,16.32,3,29,231
2571-56237,08/19/2014,2014,Holbt,LOWER WASS COVE,SESA,HY,27,99.5,21.09,21.28,18.06,2,410,231
2571-56238,08/19/2014,2014,Holbt,LOWER WASS COVE,SESA,HY,32,99,20.96,22.1,18.28,3,408,231
2571-56239,08/19/2014,2014,Holbt,LOWER WASS COVE,SESA,AHY,33,97,20.09,21.87,16.65,2,415,231
2571-56240,08/19/2014,2014,Holbt,LOWER WASS COVE,SESA,AHY,29,99,18.84,22.29,16.13,1,27,231
2571-56241,08/19/2014,2014,Holbt,LOWER WASS COVE,SESA,AHY,26,96,17.72,19.87,15.31,0.5,NA,231
2571-56242,08/19/2014,2014,Holbt,LOWER WASS COVE,SESA,HY,35,96.5,17.83,21.11,14.75,3,NA,231
2571-56243,08/19/2014,2014,Holbt,LOWER WASS COVE,SESA,HY,27,98,19.44,22.34,16.34,1,413,231
2571-56244,08/19/2014,2014,Holbt,LOWER WASS COVE,SESA,HY,25,101.5,20.06,22.22,17.21,1,28,231
2571-56245,08/19/2014,2014,Holbt,LOWER WASS COVE,SESA,AHY,28,99,18.96,22.44,15.57,2,NA,231
2571-56246,08/19/2014,2014,Holbt,LOWER WASS COVE,SESA,HY,25,91.5,17,21.79,14.17,0.5,NA,231
2571-56247,08/19/2014,2014,Holbt,LOWER WASS COVE,SESA,HY,27,99,21.42,22.48,17.86,2,NA,231
2571-56248,08/19/2014,2014,Holbt,LOWER WASS COVE,SESA,HY,28,96.5,20.22,21.81,16.96,0.5,NA,231
2571-56249,09/10/2014,2014,Holbt,NARROWS LEDGE,SESA,HY,33,99.5,20.39,22.09,17.68,4,NA,253
2571-56250,09/10/2014,2014,Holbt,NARROWS LEDGE,SESA,HY,28,95,16.99,20.88,13.14,2,192,253
2571-56251,09/10/2014,2014,Holbt,NARROWS LEDGE,SESA,HY,27,95.5,17.15,20.54,15.07,2,195,253
2571-56252,09/10/2014,2014,Holbt,NARROWS LEDGE,SESA,HY,29,93.5,18.75,21.1,16,3,196,253
2571-56253,09/10/2014,2014,Holbt,NARROWS LEDGE,SESA,HY,33,97,18.29,22.17,15.74,3,NA,253
2571-56254,09/10/2014,2014,Holbt,NARROWS LEDGE,SESA,HY,32,96.5,20.21,21.34,17.56,4,NA,253
2571-56255,09/10/2014,2014,Holbt,NARROWS LEDGE,SESA,HY,31,94,17.35,22.94,14.92,3,194,253
2571-56256,09/10/2014,2014,Holbt,NARROWS LEDGE,SESA,HY,27,99,18.58,22.54,16.38,1,193,253
2571-56257,09/10/2014,2014,Holbt,NARROWS LEDGE,SESA,HY,41,101.5,21.58,21.89,17.96,6,NA,253
2571-56258,09/10/2014,2014,Holbt,NARROWS LEDGE,SESA,HY,27,93.5,16.75,22.01,14.74,2,185,253
2571-56259,09/10/2014,2014,Holbt,NARROWS LEDGE,SESA,HY,33,93.5,19.35,22.41,15.76,3,NA,253
2571-56260,09/10/2014,2014,Holbt,NARROWS LEDGE,SESA,HY,30,96.5,19.06,21.54,15.74,2,191,253
2571-56261,09/10/2014,2014,Holbt,NARROWS LEDGE,SESA,HY,31,96.5,18.3,21.67,14.73,3,183,253
2571-56262,09/10/2014,2014,Holbt,NARROWS LEDGE,SESA,HY,31,96.5,18.25,22.08,15.69,6,NA,253
2571-56263,09/10/2014,2014,Holbt,NARROWS LEDGE,SESA,HY,34,93,17.62,21.06,14.27,2,NA,253
2571-56264,09/10/2014,2014,Holbt,NARROWS LEDGE,SESA,HY,35,91.5,17.72,21.65,15.65,4,NA,253
2571-56265,09/10/2014,2014,Holbt,NARROWS LEDGE,SESA,HY,32,95.5,19.54,20.8,15.84,4,NA,253
1971-00627,08/04/2014,2014,OBrien,Oxcart,SESA,AHY,34,96,20.7,22,18.9,2,NA,216
1971-00629,08/04/2014,2014,OBrien,Oxcart,SESA,AHY,28,97,20.3,20.8,16.2,2,437,216
1971-00630,08/04/2014,2014,OBrien,Oxcart,SESA,AHY,39,96,20.1,23.05,16.4,2,NA,216
1971-00631,08/04/2014,2014,OBrien,Oxcart,SESA,AHY,35,101,19.5,23.1,15.6,2,NA,216
1971-00632,08/04/2014,2014,OBrien,Oxcart,SESA,AHY,32,92,18.7,21.4,15.1,2,NA,216
1971-00633,08/04/2014,2014,OBrien,Oxcart,SESA,AHY,34,99,20.4,23.4,15.9,3,NA,216
1971-00634,08/04/2014,2014,OBrien,Oxcart,SESA,AHY,37,94,20.3,21.5,15.9,2,NA,216
1971-00635,08/04/2014,2014,OBrien,Oxcart,SESA,AHY,32,96,20,21.5,15.9,2,NA,216
1971-00636,08/04/2014,2014,OBrien,Oxcart,SESA,AHY,37,96,19.6,20.2,15.1,3,NA,216
1971-00638,08/04/2014,2014,OBrien,Oxcart,SESA,AHY,29,91,18.6,21,14.1,1,438,216
1971-00639,08/04/2014,2014,OBrien,Oxcart,SESA,AHY,31,95,18.7,21.7,14.9,2,NA,216
1971-00637,08/04/2014,2014,OBrien,Oxcart,SESA,AHY,27,101,21.1,21.6,18,1,NA,216
1971-00640,08/06/2014,2014,OBrien,Oxcart,SESA,AHY,33,95,20.6,21,16.3,2,NA,218
1971-00641,08/06/2014,2014,OBrien,Oxcart,SESA,AHY,32.7,100,23.6,22.9,19.2,1,NA,218
1971-00641,08/06/2014,2014,OBrien,Oxcart,SESA,AHY,28.3,96,20.1,21.2,16.3,1,439,218
1971-00643,08/06/2014,2014,OBrien,Oxcart,SESA,AHY,35.1,98,21.2,22.9,16.2,2,NA,218
1971-00645,08/06/2014,2014,OBrien,Oxcart,SESA,AHY,37.8,95,19.9,21.3,15.3,2,NA,218
1971-00644,08/06/2014,2014,OBrien,Oxcart,SESA,AHY,30.2,95,18.4,21.6,15.1,2,441,218
1971-00646,08/06/2014,2014,OBrien,Oxcart,SESA,AHY,32.4,92,19.9,21.2,15,2,NA,218
1971-00648,08/06/2014,2014,OBrien,Oxcart,SESA,AHY,25.4,96,18.1,20.2,15.2,2,444,218
1971-00647,08/06/2014,2014,OBrien,Oxcart,SESA,AHY,26.3,98,20.9,20.9,16.4,0.5,442,218
1971-00649,08/07/2014,2014,OBrien,Oxcart,SESA,AHY,40.3,99,22.5,22.5,17.6,3,NA,219
2461-15001,08/07/2014,2014,OBrien,Oxcart,SESA,AHY,29.5,97,23.2,22.5,19.6,2,NA,219
1971-00650,08/07/2014,2014,OBrien,Oxcart,SESA,AHY,35.8,98,20.9,22,15.7,2,NA,219
1971-15002,08/07/2014,2014,OBrien,Oxcart,SESA,AHY,32.1,95,19.9,20.9,16.6,3,NA,219
1971-15003,08/07/2014,2014,OBrien,Oxcart,SESA,AHY,28.2,95,19.1,19.7,15.7,2,440,219
2461-15004,08/07/2014,2014,OBrien,Oxcart,SESA,AHY,23.3,95,18.8,20.1,15.2,1,451,219
2461-15005,08/07/2014,2014,OBrien,Oxcart,SESA,AHY,34.7,96,19.2,20.5,15.8,2,NA,219
2461-15006,08/07/2014,2014,OBrien,Oxcart,SESA,AHY,31.1,103,23.4,21.1,18.6,1,NA,219
2461-15007,08/07/2014,2014,OBrien,Oxcart,SESA,AHY,30.3,92,20.3,22,15.6,1,445,219
2461-15008,08/07/2014,2014,OBrien,Oxcart,SESA,AHY,37,95,21.1,20.9,15.9,1,NA,219
2461-15012,08/07/2014,2014,OBrien,Oxcart,SESA,AHY,33,98,20.8,22.2,17.5,2,NA,219
2461-15010,08/07/2014,2014,OBrien,Oxcart,SESA,AHY,35.1,95,19.1,20.5,14.6,3,NA,219
2461-15009,08/07/2014,2014,OBrien,Oxcart,SESA,AHY,38.9,98,21.9,20.8,17.6,2,NA,219
2461-15011,08/07/2014,2014,OBrien,Oxcart,SESA,AHY,38.4,98,21.6,21.7,18.1,3,NA,219
2461-15013,08/07/2014,2014,OBrien,Oxcart,SESA,AHY,32.1,96,20.3,20.5,15.9,2,NA,219
2461-15014,08/07/2014,2014,OBrien,Oxcart,SESA,AHY,36.1,98,20.8,21.5,17,2,NA,219
2461-15015,08/07/2014,2014,OBrien,Oxcart,SESA,AHY,35.3,96,21.5,21.4,18,2,NA,219
2461-15016,08/07/2014,2014,OBrien,Oxcart,SESA,AHY,28.2,96,20.5,21.6,16,2,447,219
2461-15018,08/07/2014,2014,OBrien,Oxcart,SESA,AHY,34.7,97,18.8,21.2,15.1,2,NA,219
2461-15019,08/07/2014,2014,OBrien,Oxcart,SESA,AHY,36.3,96,19.7,21.6,15.8,2,NA,219
2461-15017,08/07/2014,2014,OBrien,Oxcart,SESA,AHY,31,95,18.8,21.6,15.5,2,NA,219
2461-15020,08/07/2014,2014,OBrien,Oxcart,SESA,AHY,32.3,97,21.3,23,18.7,2,NA,219
2461-15021,08/08/2014,2014,OBrien,Oxcart,SESA,AHY,29.9,95,17.5,20.1,13.9,1,448,220
2461-15025,08/08/2014,2014,OBrien,Oxcart,SESA,NA,32,88,19.9,21.4,15.2,2,NA,220
2461-15026,08/08/2014,2014,OBrien,Oxcart,SESA,AHY,33.5,94,19.3,22,15.5,2,NA,220
2461-15024,08/08/2014,2014,OBrien,Oxcart,SESA,AHY,27.9,98,19.5,21.9,15.4,1,446,220
2461-15023,08/08/2014,2014,OBrien,Oxcart,SESA,AHY,34.9,95,20.7,22.6,17,2,NA,220
2461-15027,08/08/2014,2014,OBrien,Oxcart,SESA,NA,34.6,99,22.1,22.2,19.1,2,NA,220
2461-15029,08/08/2014,2014,OBrien,Oxcart,SESA,NA,34.7,96,20.1,21.74,16.1,1,NA,220
2461-15032,08/08/2014,2014,OBrien,Oxcart,SESA,NA,29.3,93,19.6,20.7,15.5,2,NA,220
1461-15028,08/08/2014,2014,OBrien,Oxcart,SESA,NA,34.4,96,19.2,21.1,15.7,2,NA,220
2461-15030,08/08/2014,2014,OBrien,Oxcart,SESA,NA,33.7,99,20.3,21.8,15.7,2,NA,220
2461-15031,08/08/2014,2014,OBrien,Oxcart,SESA,HY,27.3,96,22.4,21,18.3,2,454,220
2461-15034,08/08/2014,2014,OBrien,Oxcart,SESA,HY,25.8,95,23.4,22.5,19.1,1,452,220
2461-15033,08/08/2014,2014,OBrien,Oxcart,SESA,AHY,25.7,96,18.7,21.1,15.1,2,453,220
2461-15039,08/08/2014,2014,OBrien,Oxcart,SESA,AHY,28.3,94,18.9,23.3,15.2,1,449,220
2461-15038,08/08/2014,2014,OBrien,Oxcart,SESA,AHY,23.1,90,18.9,21.1,14.6,1,456,220
2461-15041,08/08/2014,2014,OBrien,Oxcart,SESA,AHY,25.7,95,18.8,21.4,15.2,2,NA,220
2461-15035,08/08/2014,2014,OBrien,Oxcart,SESA,AHY,26.3,95,20.8,21.5,16.3,1,450,220
2461-15036,08/08/2014,2014,OBrien,Oxcart,SESA,AHY,29.2,95,21,21.3,16.7,1,455,220
2461-15037,08/08/2014,2014,OBrien,Oxcart,SESA,AHY,29.5,96,21.6,22.6,17.6,1,443,220
2461-15040,09/10/2014,2014,OBrien,Oxcart,SESA,HY,29.7,91,17.8,21.6,14.1,2,457,253
2461-15043,09/10/2014,2014,OBrien,Oxcart,SESA,HY,38.7,102,21.6,21.9,17.3,3,NA,253
2461-15042,09/10/2014,2014,OBrien,Oxcart,SESA,HY,35.1,95,18.9,20.5,15.6,2,NA,253
2461-15044,09/10/2014,2014,OBrien,Oxcart,SESA,HY,33.7,94,19.4,21.2,16,2,NA,253
2461-15047,09/10/2014,2014,OBrien,Oxcart,SESA,HY,35.2,97,19.5,21.3,15.7,3,NA,253
2461-15045,09/10/2014,2014,OBrien,Oxcart,SESA,HY,35.6,97,19.5,22.8,15,3,NA,253
2461-15046,09/10/2014,2014,OBrien,Oxcart,SESA,HY,30.2,95,18.4,20,14.8,2,NA,253
2461-15049,09/10/2014,2014,OBrien,Oxcart,SESA,HY,30.7,100,21.6,21.6,17.9,2,NA,253
2461-15048,09/10/2014,2014,OBrien,Oxcart,SESA,HY,37.8,97,20.2,23.1,16.8,3,NA,253
2461-15050,09/10/2014,2014,OBrien,Oxcart,SESA,HY,23.4,96,19,20.6,15.7,0.5,458,253
2461-15051,09/10/2014,2014,OBrien,Oxcart,SESA,HY,35.4,97,22.3,22.7,18.7,3,NA,253
2461-15052,09/10/2014,2014,OBrien,Oxcart,SESA,HY,33,97,19.5,22.8,16,2,NA,253
5461-15053,09/10/2014,2014,OBrien,Oxcart,SESA,HY,26.7,94,18.5,21.3,15.2,2,459,253
2461-15054,09/10/2014,2014,OBrien,Oxcart,SESA,HY,29,97,20.1,20.4,16.4,2,464,253
2461-15055,09/10/2014,2014,OBrien,Oxcart,SESA,HY,22.2,94,17.4,21.9,13.8,3,462,253
2461-15056,09/10/2014,2014,OBrien,Oxcart,SESA,HY,28.6,96,19.5,21.6,16.2,2,460,253
5461-15057,09/10/2014,2014,OBrien,Oxcart,SESA,HY,32.1,99,20,23.2,16.9,2,NA,253
2461-15058,09/10/2014,2014,OBrien,Oxcart,SESA,HY,37.1,99,21.4,23.3,17.8,2,NA,253
2461-15059,09/10/2014,2014,OBrien,Oxcart,SESA,HY,31.3,95,20.5,21.5,20.5,2,NA,253
2461-15060,09/10/2014,2014,OBrien,Oxcart,SESA,HY,31.9,98,20,21.7,16.5,1,NA,253
2461-15061,09/10/2014,2014,OBrien,Oxcart,SESA,HY,34.2,95,20.8,21.4,17.8,2,NA,253
2461-15062,09/10/2014,2014,OBrien,Oxcart,SESA,HY,32.4,94,19.9,21.4,16.1,4,NA,253
2461-15063,09/10/2014,2014,OBrien,Oxcart,SESA,HY,32.4,100,20.6,22.9,16.6,2,NA,253
2461-15064,09/10/2014,2014,OBrien,Oxcart,SESA,HY,NA,97,19.8,20,17,2,NA,253
2461-15066,09/10/2014,2014,OBrien,Oxcart,SESA,HY,34.7,103,20.2,22.4,16.8,1,NA,253
2461-15065,09/10/2014,2014,OBrien,Oxcart,SESA,HY,29.4,96,20.4,20.7,16.6,2,466,253
2461-15067,09/10/2014,2014,OBrien,Oxcart,SESA,HY,29.2,93,18.3,21.7,13.5,2,465,253
2461-15069,09/10/2014,2014,OBrien,Oxcart,SESA,AHY,29.6,96,18.3,20.2,15.1,2,463,253
2461-15068,09/10/2014,2014,OBrien,Oxcart,SESA,AHY,33.9,96,19.1,20.6,15.5,3,NA,253
2461-15070,09/10/2014,2014,OBrien,Oxcart,SESA,HY,30.8,96,20.4,22.2,17.1,3,461,253
2461-15071,09/10/2014,2014,OBrien,Oxcart,SESA,HY,34.5,97,20.9,22.5,17.2,3,NA,253
2461-15082,09/10/2014,2014,OBrien,Oxcart,SESA,HY,30.3,93,18.5,22,15.2,2,NA,253
2461-15073,09/10/2014,2014,OBrien,Oxcart,SESA,AHY,31.2,95,20.3,21.5,16.6,2,NA,253
2461-05358,08/05/2013,2013,Pau,STAGE,SESA,HY,25.4,95,18,20.1,NA,NA,36,217
2461-05359,08/05/2013,2013,Pau,STAGE,SESA,HY,27,96,19,21.3,NA,NA,41,217
2461-05360,08/05/2013,2013,Pau,STAGE,SESA,HY,31.3,94,21.5,19.1,NA,NA,NA,217
2461-05361,08/05/2013,2013,Pau,STAGE,SESA,HY,28.5,94,20.7,21.9,NA,NA,55,217
2461-05362,08/05/2013,2013,Pau,STAGE,SESA,HY,33,96,21,22.9,NA,NA,NA,217
2461-05363,08/05/2013,2013,Pau,STAGE,SESA,HY,29,92,19.2,21.3,NA,NA,50,217
2461-05364,08/05/2013,2013,Pau,STAGE,SESA,AHY,29,95,21.6,22.4,NA,NA,56,217
2461-05365,08/05/2013,2013,Pau,STAGE,SESA,HY,27.2,98,28.5,22.3,NA,NA,51,217
2461-05366,08/05/2013,2013,Pau,STAGE,SESA,AHY,34.3,94,29.3,22.3,NA,NA,NA,217
2461-05368,08/05/2013,2013,Pau,STAGE,SESA,HY,32.5,97,24.3,22.6,NA,NA,NA,217
2461-05369,08/05/2013,2013,Pau,STAGE,SESA,AHY,30.4,98,21.1,22.2,NA,NA,NA,217
2461-05370,08/05/2013,2013,Pau,STAGE,SESA,AHY,32.6,97,18.3,20.3,NA,NA,NA,217
2461-05371,08/05/2013,2013,Pau,STAGE,SESA,HY,27.7,90,18.4,20.6,NA,NA,57,217
2461-05372,08/05/2013,2013,Pau,STAGE,SESA,HY,32.5,92,20,20.2,NA,NA,NA,217
2461-05373,08/05/2013,2013,Pau,STAGE,SESA,AHY,21.7,94,20,20.8,NA,NA,37,217
2461-05374,08/05/2013,2013,Pau,STAGE,SESA,NA,34.1,97,20,21.5,NA,NA,NA,217
2461-05375,08/05/2013,2013,Pau,STAGE,SESA,NA,28.1,95,18.3,21.4,NA,NA,28,217
2461-05376,08/06/2013,2013,Pau,STAGE,SESA,NA,34.4,94,20.2,20.8,NA,NA,NA,218
2461-05377,08/06/2013,2013,Pau,STAGE,SESA,NA,24.5,91,18.1,21,NA,NA,49,218
2461-05378,08/06/2013,2013,Pau,STAGE,SESA,NA,27.7,93,20.5,21.2,NA,NA,31,218
2461-05379,08/06/2013,2013,Pau,STAGE,SESA,NA,25.1,93.8,18.4,21.5,NA,NA,53,218
2461-05380,08/06/2013,2013,Pau,STAGE,SESA,NA,26.7,94,19.9,21,NA,NA,40,218
2461-05381,08/06/2013,2013,Pau,STAGE,SESA,NA,26.8,94,19.8,21.3,NA,NA,38,218
2461-05382,08/06/2013,2013,Pau,STAGE,SESA,NA,27.5,87.2,20,19.5,NA,NA,27,218
2461-05383,08/06/2013,2013,Pau,STAGE,SESA,NA,33.9,92,20.2,20.9,NA,NA,NA,218
2461-05384,08/06/2013,2013,Pau,STAGE,SESA,NA,31.9,92,19.4,21.9,NA,NA,NA,218
2461-05385,08/06/2013,2013,Pau,STAGE,SESA,NA,33.1,94,20.5,22,NA,NA,NA,218
2461-05386,08/06/2013,2013,Pau,STAGE,SESA,NA,32.7,94,21,21.3,NA,NA,NA,218
2461-05387,08/06/2013,2013,Pau,STAGE,SESA,NA,32.6,94,20.6,22.6,NA,NA,NA,218
2461-05388,08/06/2013,2013,Pau,STAGE,SESA,NA,29.5,97,21.5,20.8,NA,NA,26,218
2461-05389,08/06/2013,2013,Pau,STAGE,SESA,NA,34.4,99,20.2,23.2,NA,NA,NA,218
2461-05390,08/06/2013,2013,Pau,STAGE,SESA,NA,33.8,97,23.4,21.4,NA,NA,NA,218
2461-05391,08/06/2013,2013,Pau,STAGE,SESA,NA,31.7,96,18.7,20,NA,NA,NA,218
2461-05392,08/06/2013,2013,Pau,STAGE,SESA,NA,36.8,95,22,23.4,NA,NA,NA,218
2461-05399,08/06/2013,2013,Pau,STAGE,SESA,HY,26.5,96,20.5,20.9,NA,NA,34,218
2461-05400,08/06/2013,2013,Pau,STAGE,SESA,NA,26.9,97,22.9,22.2,NA,NA,54,218
2461-05398,08/06/2013,2013,Pau,STAGE,SESA,NA,24.2,93,21,21.6,NA,NA,29,218
2461-05393,08/06/2013,2013,Pau,NELSN,SESA,NA,26.8,91,18.5,21.2,NA,NA,33,218
2461-05394,08/06/2013,2013,Pau,NELSN,SESA,NA,27.6,90,19,22.3,NA,NA,48,218
2461-05395,08/06/2013,2013,Pau,NELSN,SESA,NA,25.8,95,21.1,20.3,NA,NA,42,218
2461-05396,08/06/2013,2013,Pau,NELSN,SESA,NA,34.1,92,19.7,21.7,NA,NA,NA,218
2461-05397,08/06/2013,2013,Pau,NELSN,SESA,NA,29.2,95,19.9,21.1,NA,NA,39,218
2441-22581,08/06/2013,2013,Pau,NELSN,SESA,NA,35.3,96,21.1,21.8,NA,NA,NA,218
2441-22582,08/06/2013,2013,Pau,NELSN,SESA,NA,34.9,94,19.6,23.2,NA,NA,NA,218
2441-22583,08/06/2013,2013,Pau,NELSN,SESA,NA,34.4,97,19.5,22.1,NA,NA,NA,218
2441-22584,08/06/2013,2013,Pau,NELSN,SESA,NA,31.2,91,20.8,20.1,NA,NA,NA,218
2441-22585,08/06/2013,2013,Pau,NELSN,SESA,NA,36,98,24,22.5,NA,NA,NA,218
2441-22586,08/06/2013,2013,Pau,NELSN,SESA,NA,22.5,94,18.9,19.7,NA,NA,47,218
2461-14701,08/30/2013,2013,Pau,BFB,SESA,HY,35.4,96,20.9,22.9,NA,NA,NA,242
2461-14702,08/30/2013,2013,Pau,BFB,SESA,NA,22,97,18.9,20.5,NA,NA,45,242
2461-14703,08/30/2013,2013,Pau,BFB,SESA,NA,34.6,91,19.8,20.6,NA,NA,NA,242
2461-14704,08/30/2013,2013,Pau,BFB,SESA,NA,27.2,95,20.2,20,NA,NA,30,242
2461-14705,08/30/2013,2013,Pau,BFB,SESA,NA,35.1,92.5,20.1,20.7,NA,NA,NA,242
2461-14706,08/30/2013,2013,Pau,BFB,SESA,NA,37.2,95,21.5,21.6,NA,NA,NA,242
2461-14707,08/30/2013,2013,Pau,BFB,SESA,NA,36.5,97,18.2,20.9,NA,NA,NA,242
2461-14708,08/30/2013,2013,Pau,BFB,SESA,NA,29.8,97,19.9,21.8,NA,NA,43,242
2461-14709,08/30/2013,2013,Pau,BFB,SESA,NA,33.4,92,18.8,21.4,NA,NA,NA,242
2461-14710,08/30/2013,2013,Pau,BFB,SESA,NA,41.4,98,22,23.5,NA,NA,NA,242
2461-14711,08/30/2013,2013,Pau,BFB,SESA,AHY,38.9,98.2,20.5,20.8,NA,NA,NA,242
2461-14712,08/30/2013,2013,Pau,BFB,SESA,NA,20.2,92,18.5,20.5,NA,NA,52,242
2461-14713,08/30/2013,2013,Pau,BFB,SESA,NA,35.3,98,21.5,22.4,NA,NA,NA,242
2461-14714,08/30/2013,2013,Pau,BFB,SESA,NA,22.7,95,19.7,21,NA,NA,35,242
2461-14715,08/30/2013,2013,Pau,BFB,SESA,NA,21.7,93.5,18.2,22.5,NA,NA,32,242
2461-14716,08/30/2013,2013,Pau,BFB,SESA,NA,36.9,92,21,22,NA,NA,NA,242
2461-14717,08/30/2013,2013,Pau,BFB,SESA,NA,26.4,95,22.5,20.8,NA,NA,NA,242
2461-14718,08/30/2013,2013,Pau,BFB,SESA,NA,37.9,99,19.2,21.9,NA,NA,NA,242
2461-14719,08/30/2013,2013,Pau,BFB,SESA,NA,35.8,93,19.5,21.4,NA,NA,NA,242
2461-14720,08/30/2013,2013,Pau,BFB,SESA,NA,31.2,93,19.9,20,NA,NA,NA,242
2461-14721,08/30/2013,2013,Pau,BFB,SESA,NA,35.4,97,22.6,22.1,NA,NA,NA,242
2461-14722,08/30/2013,2013,Pau,BFB,SESA,NA,31.8,91,19,20.8,NA,NA,NA,242
2461-14723,08/30/2013,2013,Pau,BFB,SESA,NA,30.4,99,20.7,22.3,NA,NA,NA,242
2461-14724,08/30/2013,2013,Pau,BFB,SESA,NA,33,92,17.7,20.5,NA,NA,NA,242
2461-14725,08/30/2013,2013,Pau,BFB,SESA,NA,38.5,95,21.8,21.2,NA,NA,NA,242
2461-14726,08/30/2013,2013,Pau,BFB,SESA,NA,23.1,92,19.7,21.2,NA,NA,NA,242
2461-14727,08/30/2013,2013,Pau,BFB,SESA,NA,36.6,90,19.6,21,NA,NA,NA,242
2461-14729,08/30/2013,2013,Pau,BFB,SESA,NA,23.8,98,21.1,21.8,NA,NA,NA,242
1151-40302,08/11/2014,2014,Pau,BF,SESA,AHY,36.4,95,18.6,20.4,15,2,NA,223
1151-40303,08/11/2014,2014,Pau,BF,SESA,AHY,35.4,95,17,21.5,14.5,2,488,223
1151-40304,08/11/2014,2014,Pau,BF,SESA,AHY,35.6,95,19.6,21.8,15.1,2,482,223
1151-40305,08/11/2014,2014,Pau,BF,SESA,AHY,35.7,92,20.5,20.1,15.4,2,NA,223
1151-40307,08/11/2014,2014,Pau,BF,SESA,AHY,35.8,98,19.8,23,15.8,2,NA,223
1151-40308,08/11/2014,2014,Pau,BF,SESA,AHY,35.7,95,21.3,21.4,16.8,2,NA,223
1151-40310,08/11/2014,2014,Pau,BF,SESA,AHY,36.5,95,21.1,21.5,15.6,2,NA,223
1151-40311,08/11/2014,2014,Pau,BF,SESA,AHY,25.5,96,19.5,21.4,15.9,1,486,223
1151-40312,08/11/2014,2014,Pau,BF,SESA,AHY,40.6,98,20.1,21.6,16.9,3,NA,223
1151-40313,08/11/2014,2014,Pau,BF,SESA,HY,21.6,97,20,21.4,16.1,0,484,223
1151-40314,08/11/2014,2014,Pau,BF,SESA,AHY,36,94,17.9,21,14.1,3,NA,223
1151-40315,08/11/2014,2014,Pau,BF,SESA,AHY,36.3,94,19.1,20.3,14.9,3,NA,223
1151-40316,08/11/2014,2014,Pau,BF,SESA,AHY,37.7,99,22.4,21.4,18.5,2,NA,223
1151-40317,08/11/2014,2014,Pau,BF,SESA,AHY,23.8,94,20.3,21.2,16.4,0,485,223
1151-40318,08/11/2014,2014,Pau,BF,SESA,AHY,33.6,92,19.9,20.7,15.5,2,NA,223
1151-40319,08/11/2014,2014,Pau,BF,SESA,AHY,34.7,97,17.7,21,14.3,3,NA,223
1151-40320,08/11/2014,2014,Pau,BF,SESA,AHY,28.7,95,19.2,20.1,15.5,2,483,223
1151-40321,08/11/2014,2014,Pau,BF,SESA,AHY,35.4,97,20.1,21.2,15.5,2,NA,223
1151-40322,08/11/2014,2014,Pau,BF,SESA,AHY,35.4,95,18.7,19.9,13.6,2,NA,223
1151-40323,08/11/2014,2014,Pau,BF,SESA,AHY,37.2,94,19.7,20.9,16.2,3,NA,223
1151-40324,08/11/2014,2014,Pau,BF,SESA,AHY,24.8,95,19.7,21.3,16.1,1,NA,223
1151-40325,08/11/2014,2014,Pau,BF,SESA,AHY,36,98,21.4,21.8,17.4,2,NA,223
1151-40326,08/11/2014,2014,Pau,BF,SESA,AHY,38.8,98,18.7,22,14.8,3,NA,223
1151-40327,08/11/2014,2014,Pau,BF,SESA,AHY,32.3,95,20.1,21.3,16.2,2,NA,223
1151-40328,08/11/2014,2014,Pau,BF,SESA,AHY,37.5,99,20.1,20.7,16.1,3,NA,223
1151-40329,08/11/2014,2014,Pau,BF,SESA,AHY,37.7,97,20.9,23,17.3,2,NA,223
1151-40330,08/11/2014,2014,Pau,BF,SESA,AHY,40.8,99,22.2,20.5,19.5,2,NA,223
1151-40331,08/11/2014,2014,Pau,BF,SESA,AHY,38.4,99,19.3,21.2,16.2,2,NA,223
1151-40332,08/11/2014,2014,Pau,BF,SESA,AHY,28.6,95,17.1,21,15,1,487,223
1151-40333,08/11/2014,2014,Pau,BF,SESA,AHY,26,96,18.6,20.9,14.4,2,NA,223
1151-40334,08/11/2014,2014,Pau,BF,SESA,AHY,36.7,96,22.5,22.2,18.5,3,NA,223
1151-40335,08/21/2014,2014,Pau,BF,SESA,ASY,41,97,22.1,20.4,17.9,4,NA,233
1151-40336,08/21/2014,2014,Pau,BF,SESA,AHY,29.4,89,19.1,18.5,14.5,1,473,233
1151-40337,08/21/2014,2014,Pau,BF,SESA,HY,22.7,96,18,20.1,14.6,0.5,476,233
1151-40338,08/21/2014,2014,Pau,BF,SESA,HY,21.4,92,18.1,19.4,14.6,1,475,233
1151-40339,08/21/2014,2014,Pau,BF,SESA,ASY,35.5,95,19.9,20.6,16.4,3,NA,233
1151-40340,08/21/2014,2014,Pau,BF,SESA,ASY,36,97,18.2,21.2,14.8,4,NA,233
1151-40341,08/21/2014,2014,Pau,BF,SESA,ASY,34.6,96,19.7,20.5,15.2,4,NA,233
1151-40342,08/21/2014,2014,Pau,BF,SESA,ASY,34.2,98,22.1,19.8,17.8,1,NA,233
1151-40343,08/21/2014,2014,Pau,BF,SESA,AHY,33.4,95,17.8,21,14.5,4,NA,233
1151-40344,08/21/2014,2014,Pau,BF,SESA,ASY,33.4,99,21.3,22.1,17.8,2,NA,233
1151-40345,08/21/2014,2014,Pau,BF,SESA,ASY,32.4,99,29.8,22.6,16.6,2,NA,233
1151-40346,08/21/2014,2014,Pau,BF,SESA,AHY,32.6,95,18.3,21,15.4,4,NA,233
1151-40347,08/21/2014,2014,Pau,BF,SESA,AHY,28,90,16.8,20,12.5,0.5,472,233
1151-40348,08/21/2014,2014,Pau,BF,SESA,ASY,26.5,94,18,21.7,15.5,1,474,233
1151-40349,08/21/2014,2014,Pau,BF,SESA,HY,26.3,95,17.6,19.9,15.4,1,494,233
1151-40350,09/07/2014,2014,Pau,BF,SESA,NA,24.2,95,19.6,23.3,15.4,1,493,250
1151-40351,09/07/2014,2014,Pau,BF,SESA,HY,22.1,87,16.4,21.2,13.6,1,489,250
1151-40352,09/07/2014,2014,Pau,BF,SESA,HY,21.5,97,17.5,25,15,0,490,250
1151-40353,09/07/2014,2014,Pau,BF,SESA,HY,27.8,98,18.7,15.8,16.6,2,491,250
1151-40354,09/07/2014,2014,Pau,BF,SESA,HY,22.3,91,18.1,19.6,14.5,1,492,250
1151-40355,09/07/2014,2014,Pau,BF,SESA,HY,33.6,96,10.6,16.2,8.1,2,NA,250
1151-40356,09/07/2014,2014,Pau,BF,SESA,HY,24.5,96,21.5,20.5,16,1,NA,250
1151-40357,09/07/2014,2014,Pau,BF,SESA,HY,25.8,93,23.2,22.7,19.5,1,495,250
1151-40358,09/07/2014,2014,Pau,BF,SESA,HY,29.8,98,19,21,15.2,1,NA,250
1151-40359,09/07/2014,2014,Pau,BF,SESA,AHY,28.8,92,17,21.2,14,1,NA,250
1151-40360,09/07/2014,2014,Pau,BF,SESA,HY,19,95,19.5,21,16,0,NA,250
1151-40361,09/07/2014,2014,Pau,BF,SESA,AHY,28.3,98,20.5,21,17,2,NA,250
1151-40362,09/07/2014,2014,Pau,BF,SESA,HY,28.8,96,19.5,23.2,17,2,NA,250
1151-40363,09/07/2014,2014,Pau,BF,SESA,HY,29,94,18.1,15.2,15,2,NA,250
1151-40364,09/07/2014,2014,Pau,BF,SESA,HY,35.2,97,20.7,23.8,17.5,3,NA,250
1151-40365,09/07/2014,2014,Pau,BF,SESA,HY,26,98,18.2,20.5,15.1,1,NA,250
1151-40366,09/07/2014,2014,Pau,BF,SESA,HY,26.6,93,20.9,24.6,16,1,NA,250
1151-40367,09/07/2014,2014,Pau,BF,SESA,HY,26,101,23.1,23,19.5,1,NA,250
1151-40368,09/07/2014,2014,Pau,BF,SESA,HY,30.9,95,18.6,22.8,15.9,2,NA,250
1151-40369,09/07/2014,2014,Pau,BF,SESA,HY,28.2,92,17.2,22.6,14.9,1,NA,250
1151-40370,09/07/2014,2014,Pau,BF,SESA,HY,25.3,92,20.5,21.5,16.2,1,NA,250
1151-40371,09/07/2014,2014,Pau,BF,SESA,HY,28.5,96,19.6,22.9,16.1,0,NA,250
1151-40372,09/07/2014,2014,Pau,BF,SESA,HY,30.7,95,20.4,23.8,15.8,1,NA,250
1151-40373,09/07/2014,2014,Pau,BF,SESA,HY,24.8,95,19.7,20.7,14.6,1,NA,250
1151-40374,09/07/2014,2014,Pau,BF,SESA,HY,22.8,95,17.8,21.6,14.4,1,NA,250
1151-40375,09/07/2014,2014,Pau,BF,SESA,HY,31.6,98,21.3,22.6,19.8,2,NA,250
1151-40376,09/07/2014,2014,Pau,BF,SESA,HY,25.4,95,20.4,25.6,16.5,1,NA,250
1151-40377,09/07/2014,2014,Pau,BF,SESA,HY,33.6,99,18.5,22,14.4,2,NA,250
1151-40379,09/07/2014,2014,Pau,BF,SESA,HY,27.9,92,17.8,20.9,14.6,1,NA,250
1151-40380,09/07/2014,2014,Pau,BF,SESA,HY,27.7,95,21.5,22,18.4,0,NA,250
1151-40381,09/07/2014,2014,Pau,BF,SESA,HY,21.7,91,17,20.5,14,1,NA,250
1151-40382,09/07/2014,2014,Pau,BF,SESA,HY,35.6,98,20.5,22.3,17.1,2,NA,250
1151-40383,09/07/2014,2014,Pau,BF,SESA,HY,28.8,98,19.2,25.6,16.6,2,NA,250
1151-40384,09/07/2014,2014,Pau,BF,SESA,HY,34,100,20.2,21.7,17,3,NA,250
1151-40385,09/07/2014,2014,Pau,BF,SESA,HY,30.5,95,20,23,17,3,NA,250
1151-40386,09/07/2014,2014,Pau,BF,SESA,AHY,34.5,93,19.8,20.2,16,2,NA,250
1151-40387,09/18/2014,2014,Pau,SP,SESA,HY,26.2,94,18.4,22.1,15.2,0.5,496,261
1151-40388,09/18/2014,2014,Pau,SP,SESA,HY,25.5,97.5,18.4,21.8,15.7,0,NA,261
1151-40389,09/18/2014,2014,Pau,SP,SESA,HY,30.2,90,17.5,20.3,13.2,1,469,261
1151-40390,09/18/2014,2014,Pau,SP,SESA,HY,31.8,93,17,20,14.5,0.5,NA,261
1151-40391,09/18/2014,2014,Pau,SP,SESA,HY,20.6,90,18.2,20.5,15.4,1,NA,261
1151-40392,09/18/2014,2014,Pau,SP,SESA,HY,25.1,96,19.9,19.8,14.9,1,467,261
1151-40395,09/18/2014,2014,Pau,SP,SESA,HY,20.4,94,19.1,20.3,16.5,0.5,NA,261
1151-40396,09/18/2014,2014,Pau,SP,SESA,HY,27.2,92,17.4,23.5,14.2,0.5,NA,261
1151-40397,09/18/2014,2014,Pau,SP,SESA,HY,24.9,94,17.5,21,15.2,0,NA,261
1151-40398,09/18/2014,2014,Pau,SP,SESA,HY,30,95,18.2,21.5,15.4,2,NA,261
